{
    "pitch": [
        56.88630676269531,
        953.1358032226562,
        186.0852184530204,
        46.16604905177577
    ],
    "energy": [
        0.0,
        533.1392211914062,
        51.08978468237829,
        40.48262468172912
    ]
}